filename,label
audio_128.wav,2.8373
audio_156.wav,3.6187
audio_19.wav,4.5711
audio_108.wav,2.098
audio_206.wav,2.3563
audio_161.wav,2.7144
audio_215.wav,3.1038
audio_213.wav,2.0522
audio_11.wav,3.6562
audio_155.wav,3.3035
audio_39.wav,2.9718
audio_168.wav,2.9651
audio_133.wav,2.2896
audio_28.wav,2.567
audio_40.wav,2.9484
audio_181.wav,2.6316
audio_201.wav,2.8958
audio_182.wav,3.8507
audio_126.wav,2.5035
audio_10.wav,2.5788
audio_134.wav,2.4617
audio_69.wav,4.9357
audio_112.wav,3.6745
audio_180.wav,2.027
audio_177.wav,2.5606
audio_77.wav,4.937
audio_111.wav,3.0135
audio_18.wav,3.8242
audio_175.wav,4.2537
audio_33.wav,2.9235
audio_15.wav,2.7688
audio_4.wav,3.2784
audio_27.wav,3.0272
audio_96.wav,3.7529
audio_116.wav,2.6462
audio_1.wav,2.4134
audio_22.wav,3.7489
audio_114.wav,2.3251
audio_146.wav,2.6755
audio_46.wav,4.9665
audio_144.wav,2.7952
audio_75.wav,4.9782
audio_200.wav,2.941
audio_196.wav,2.2037
audio_190.wav,3.1784
audio_158.wav,2.7754
audio_17.wav,2.1371
audio_105.wav,4.3393
audio_141.wav,3.7409
audio_129.wav,3.5102
audio_6.wav,3.9227
audio_70.wav,5.0
audio_35.wav,3.5361
audio_203.wav,3.7635
audio_90.wav,3.6896
audio_16.wav,3.3418
audio_138.wav,3.6245
audio_100.wav,3.3953
audio_115.wav,2.5362
audio_118.wav,4.0731
audio_137.wav,3.499
audio_101.wav,2.7977
audio_193.wav,2.4103
audio_102.wav,3.9998
audio_52.wav,2.8693
audio_172.wav,2.5402
audio_191.wav,3.7358
audio_194.wav,2.9363
audio_67.wav,3.2981
audio_160.wav,2.6913
audio_179.wav,2.2301
audio_55.wav,2.8005
audio_145.wav,3.3522
audio_197.wav,3.113
audio_139.wav,3.2191
audio_91.wav,3.5527
audio_8.wav,1.9342
audio_136.wav,3.612
audio_199.wav,2.3445
audio_110.wav,4.0534
audio_208.wav,2.5726
audio_152.wav,4.3917
audio_94.wav,2.7611
audio_174.wav,3.2886
audio_23.wav,4.1033
audio_56.wav,2.5465
audio_97.wav,3.1512
audio_148.wav,3.1634
audio_59.wav,2.8756
audio_5.wav,2.4369
audio_119.wav,3.867
audio_80.wav,2.9205
audio_58.wav,2.3719
audio_123.wav,3.5355
audio_188.wav,3.2049
audio_121.wav,2.6411
audio_107.wav,2.5379
audio_214.wav,3.3207
audio_73.wav,5.0
audio_169.wav,3.0275
audio_7.wav,2.8413
audio_42.wav,3.6908
audio_88.wav,4.4685
audio_64.wav,2.2678
audio_195.wav,2.6133
audio_57.wav,2.6539
audio_13.wav,2.8106
audio_125.wav,4.046
audio_209.wav,2.6528
audio_211.wav,2.7489
audio_63.wav,2.6872
audio_86.wav,4.7404
audio_78.wav,4.8659
audio_38.wav,3.2862
audio_186.wav,2.4194
audio_154.wav,3.2255
audio_21.wav,2.4429
audio_120.wav,2.7231
audio_183.wav,3.1097
audio_25.wav,3.6502
audio_122.wav,2.3038
audio_36.wav,3.3008
audio_76.wav,4.9936
audio_163.wav,2.8373
audio_83.wav,4.7114
audio_103.wav,2.5841
audio_93.wav,3.8622
audio_26.wav,3.2784
audio_72.wav,5.0
audio_210.wav,2.683
audio_104.wav,2.0784
audio_81.wav,3.5555
audio_166.wav,2.8025
audio_202.wav,3.1451
audio_185.wav,2.9381
audio_9.wav,2.0818
audio_207.wav,2.3143
audio_127.wav,3.1551
audio_12.wav,2.5428
audio_132.wav,2.5707
audio_109.wav,2.2833
audio_32.wav,3.5551
audio_178.wav,3.3316
audio_61.wav,2.622
audio_34.wav,3.7341
audio_106.wav,2.1617
audio_49.wav,4.8427
audio_149.wav,3.5034
audio_30.wav,4.0031
audio_131.wav,2.6959
audio_162.wav,2.1359
audio_204.wav,3.4544
audio_198.wav,3.2241
audio_135.wav,4.2247
audio_187.wav,3.3712
audio_3.wav,2.6282
audio_98.wav,3.9353
audio_159.wav,3.0858
audio_167.wav,2.5201
audio_205.wav,2.2039
audio_95.wav,3.8857
audio_68.wav,4.8133
audio_31.wav,4.1134
audio_157.wav,2.5044
audio_89.wav,4.2126
audio_82.wav,4.7913
audio_53.wav,2.7423
audio_37.wav,4.1473
audio_113.wav,2.4305
audio_85.wav,4.7577
audio_173.wav,4.3513
audio_41.wav,4.6871
audio_51.wav,2.3801
audio_143.wav,3.9903
audio_92.wav,4.3552
audio_74.wav,5.0
audio_0.wav,3.6607
audio_147.wav,3.2173
audio_130.wav,2.3418
audio_192.wav,2.9148
audio_43.wav,5.0
audio_65.wav,2.4685
audio_14.wav,3.8573
audio_117.wav,3.9755
audio_212.wav,2.3459
audio_79.wav,3.4525
audio_171.wav,3.1787
audio_60.wav,2.398
audio_153.wav,3.8206
audio_176.wav,2.9187
audio_2.wav,3.3253
audio_50.wav,4.8542
audio_29.wav,3.4533
audio_142.wav,4.2613
audio_47.wav,3.5475
audio_84.wav,4.9189
audio_164.wav,2.3147
audio_48.wav,4.5011
audio_189.wav,2.4533
audio_151.wav,3.4927
audio_66.wav,2.1324
audio_44.wav,3.368
audio_150.wav,3.5702
audio_87.wav,4.2842
audio_99.wav,3.9063
audio_62.wav,2.9647
audio_20.wav,2.4213
audio_124.wav,2.8754
audio_54.wav,3.2671
audio_45.wav,4.9914
audio_71.wav,5.0
audio_184.wav,2.4254
audio_24.wav,2.1799
audio_140.wav,4.058
audio_165.wav,2.7751
audio_170.wav,2.5443
